color_code,MIN_zika,MAX_zika,RANGE_zika,MEAN_zika,MEDIAN_zika,PCT90_zika,MIN_dengue2015,MAX_dengue2015,RANGE_dengue2015,MEAN_dengue2015,MEDIAN_dengue2015,PCT90_dengue2015,MIN_dengue2050,MAX_dengue2050,RANGE_dengue2050,MEAN_dengue2050,MEDIAN_dengue2050,PCT90_dengue2050
USA,0,0.991190672,0.991190672,0.025642918,0,0,0,0.965444267,0.965444267,0.093151144,0,0.385120401,0,0.970960315,0.970960315,0.101600002,0,0.408912677
RUS,0,0,0,0,0,0,0,0.53579843,0.53579843,0.001167648,0,0,0,0.92509994,0.92509994,0.001580029,0,0
FRA,0,0.984534919,0.984534919,0.074400817,0,0.329417807,0,0.961802006,0.961802006,0.083194892,0,0.532696205,0,0.945019412,0.945019412,0.092341415,0,0.63230246
SRB,0,0,0,0,0,0,0,0.16556336,0.16556336,0.005242071,0,0.032516275,0,0.322907055,0.322907055,0.021391249,0,0.049150819
URY,0,0.987894118,0.987894118,0.002920475,0,0,0,0.864425182,0.864425182,0.371521172,0.406295791,0.579351145,0,0.873139885,0.873139885,0.415688577,0.449488653,0.619844747
GUM,0,0.716118336,0.716118336,0.585987727,0.684500873,0.705839467,0,0.86475575,0.86475575,0.6438044,0.68242389,0.785107148,0,0.902587368,0.902587368,0.616168793,0.618480244,0.813454889
PAN,0,0.991058469,0.991058469,0.553590385,0.589104235,0.869775009,0,0.962164283,0.962164283,0.794323296,0.835440755,0.90446496,0,0.951456122,0.951456122,0.798295641,0.838565186,0.908102969
NLD,0,0.783503175,0.783503175,0.002792443,0,0,0,0.972327769,0.972327769,0.011547269,0,0,0,0.959980695,0.959980695,0.011281534,0,0
DZA,0,0.970653117,0.970653117,0.001366576,0,0.006247189,0,0.922786176,0.922786176,0.014871784,0,0,0,0.916280583,0.916280583,0.015325538,0,0
TGO,0,0.990432858,0.990432858,0.539800607,0.584639996,0.817129278,0,0.971853852,0.971853852,0.812463483,0.828028619,0.886072916,0.541286086,0.966761027,0.425474941,0.816055113,0.828679885,0.901180444
EGY,0,0.8139925,0.8139925,0.000752874,0,0.006228867,0,0.933913708,0.933913708,0.006261911,0,0,0,0.933805621,0.933805621,0.006447261,0,0
CHE,0,0,0,0,0,0,0,0,0,0,0,0,0,0,0,0,0,0
GBR,0,0.888725579,0.888725579,0.000350885,0,0,0,0.922081232,0.922081232,0.00110641,0,0,0,0.912146137,0.912146137,0.001130128,0,0
AUT,0,0,0,0,0,0,0,0,0,0,0,0,0,0,0,0,0,0
PRT,0,0,0,0,0,0,0,0.353595436,0.353595436,0.051461589,0.047474714,0.124370925,0,0.577185726,0.577185726,0.07169936,0.065025515,0.154461735
LUX,0,0,0,0,0,0,0,0,0,0,0,0,0,0,0,0,0,0
KAZ,0,0,0,0,0,0,0,0.661401331,0.661401331,0.015971979,0,0.060831882,0,0.759521943,0.759521943,0.032374137,0,0.101910694
ABW,0.008558827,0.547463775,0.538904947,0.189225355,0.009246409,0.546291232,0.772438347,0.878890634,0.106452286,0.832262494,0.838477492,0.872686386,0.710225125,0.850622376,0.140397251,0.791078583,0.787809372,0.843951155
GNQ,0,0.910499275,0.910499275,0.820872851,0.887001753,0.903398681,0,0.892527938,0.892527938,0.787831354,0.825907886,0.867628169,0,0.887417446,0.887417446,0.765564904,0.789751605,0.840554944
JAM,0,0.991116285,0.991116285,0.684310758,0.708632827,0.887067276,0,0.950116634,0.950116634,0.798300313,0.827210665,0.885462749,0.429823398,0.931864052,0.502040654,0.796462072,0.805561965,0.883334978
EST,0,0,0,0,0,0,0,0,0,0,0,0,0,0,0,0,0,0
NER,0,0.741632879,0.741632879,0.005887992,0.006238217,0.007235661,0,0.885182321,0.885182321,0.201281006,0,0.625622034,0,0.91727582,0.91727582,0.228044239,0,0.672453402
BLZ,0,0.913513124,0.913513124,0.617813237,0.648189604,0.866156197,0.709625244,0.918249488,0.208624244,0.862649858,0.868715823,0.892008591,0.71514443,0.920658112,0.205513681,0.873510336,0.878813973,0.904653354
MAR,0,0.943015456,0.943015456,0.000632831,0,0,0,0.914658427,0.914658427,0.104890787,0.048101742,0.299646854,0,0.936008885,0.936008885,0.12968969,0.084193788,0.329338956
MEX,0,0.990792811,0.990792811,0.148791673,0,0.638934755,0,0.957973897,0.957973897,0.370296584,0.252046332,0.839761996,0,0.944499494,0.944499494,0.405370385,0.340663374,0.842895433
ROU,0,0,0,0,0,0,0,0.156408012,0.156408012,0.007408385,0,0.040286142,0,0.203875603,0.203875603,0.014930253,0,0.040771103
BLR,0,0,0,0,0,0,0,0,0,0,0,0,0,0,0,0,0,0
ECU,0,0.989591062,0.989591062,0.370315908,0.374431387,0.808004409,0,0.96826756,0.96826756,0.554122761,0.73812449,0.876863253,0,0.951871849,0.951871849,0.580233185,0.763245699,0.880843885
SDN,0,0.786844313,0.786844313,0.0096284,0.006233398,0.013228728,0,0.87223345,0.87223345,0.325375637,0.378829718,0.569764817,0,0.86075913,0.86075913,0.331530792,0.39063376,0.556666155
TZA,0,0.987761855,0.987761855,0.32217961,0.266010106,0.762969446,0,0.959493518,0.959493518,0.399072071,0.360206336,0.817155659,0,0.966098449,0.966098449,0.508155126,0.464882087,0.858079646
FSM,0,0.30795598,0.30795598,0.136233548,0.149241135,0.212897211,0.778617859,0.896791458,0.118173599,0.822275193,0.811634839,0.862970352,0.71307353,0.871046163,0.157972633,0.781857483,0.774786541,0.865813293
ATG,0,0.58166492,0.58166492,0.229232507,0.249435738,0.477892193,0,0.896941364,0.896941364,0.632432866,0.822922796,0.884710872,0,0.908254672,0.908254672,0.625363674,0.799773162,0.888964629
NOR,0,0,0,0,0,0,0,0,0,0,0,0,0,0,0,0,0,0
BGD,0,0.98880446,0.98880446,0.612075741,0.676475614,0.859732825,0,0.960992336,0.960992336,0.79641282,0.80341652,0.839468372,0,0.93974442,0.93974442,0.778555287,0.786524336,0.831635892
DNK,0,0,0,0,0,0,0,0,0,0,0,0,0,0,0,0,0,0
BEL,0,0,0,0,0,0,0,0,0,0,0,0,0,0,0,0,0,0
WSM,0,0.613965034,0.613965034,0.149780916,0.101374999,0.429310277,0,0.925025105,0.925025105,0.726789642,0.748941481,0.898765433,0.308359251,0.916931359,0.608572108,0.720095358,0.720383335,0.893428881
AIA,0,0.028573373,0.028573373,0.010217203,0,0.02614908,0,0.734681785,0.734681785,0.581763363,0.722597182,0.733184659,0,0.805087246,0.805087246,0.63580593,0.791158144,0.801145912
ISR,0,0.892977118,0.892977118,0.032429161,0,0.018689677,0,0.748291612,0.748291612,0.226921711,0.195660651,0.411799204,0,0.732657516,0.732657516,0.223168411,0.20309075,0.374109914
LBY,0,0.759157062,0.759157062,0.000329071,0,0,0,0.841364503,0.841364503,0.014485118,0,0,0,0.873513223,0.873513223,0.015660102,0,0
NZL,0,0.698958993,0.698958993,0.000454961,0,0,0,0.849437892,0.849437892,0.000752988,0,0,0,0.853637906,0.853637906,0.000765682,0,0
KEN,0,0.989575326,0.989575326,0.063739657,0.008450488,0.189159016,0,0.972723305,0.972723305,0.419149994,0.479051769,0.778986931,0,0.960313368,0.960313368,0.535140162,0.60518804,0.836690293
OMN,0,0.757936597,0.757936597,0.008415762,0.008842899,0.010205849,0,0.986933768,0.986933768,0.421140166,0.557829916,0.920785069,0,0.987620676,0.987620676,0.440260941,0.619757076,0.919527775
KOR,0,0.706908286,0.706908286,0.000127924,0,0,0,0.914735854,0.914735854,0.138532958,0.077090457,0.415433764,0,0.928675705,0.928675705,0.205313819,0.162796971,0.488307939
LBR,0,0.989745438,0.989745438,0.667944909,0.734347939,0.882683122,0.457620472,0.955192626,0.497572154,0.771754689,0.790882409,0.855393541,0.550137502,0.955693854,0.405556353,0.826538524,0.833401106,0.865779796
RWA,0,0.990464091,0.990464091,0.355290775,0.397887856,0.783112586,0,0.612452924,0.612452924,0.04643766,0,0.175636008,0,0.918524995,0.918524995,0.129976713,0.077107946,0.341195039
NIC,0,0.988315582,0.988315582,0.535722409,0.546928048,0.827014804,0,0.966880798,0.966880798,0.770231262,0.817822695,0.877682984,0,0.964485385,0.964485385,0.778854038,0.819033612,0.883328524
MOZ,0,0.986361504,0.986361504,0.380570909,0.338669315,0.758123618,0,0.959456742,0.959456742,0.671145726,0.723278463,0.856685579,0,0.964723019,0.964723019,0.759254158,0.806695157,0.867219578
MLT,0,0,0,0,0,0,0,0.638237894,0.638237894,0.397689024,0.415961683,0.567707002,0,0.62132505,0.62132505,0.361235105,0.370187309,0.604880766
FIN,0,0,0,0,0,0,0,0,0,0,0,0,0,0,0,0,0,0
TUR,0,0.86686188,0.86686188,0.000455992,0,0,0,0.829909444,0.829909444,0.058932947,0,0.179013588,0,0.886703959,0.886703959,0.066750863,0.031213885,0.187572988
LTU,0,0,0,0,0,0,0,0,0,0,0,0,0,0,0,0,0,0
ZWE,0,0.83935976,0.83935976,0.027883755,0,0.107617274,0,0.870548546,0.870548546,0.22531167,0.172467366,0.530688524,0,0.886009949,0.886009949,0.397259127,0.382210329,0.73981518
SGP,0,0.989684761,0.989684761,0.922188876,0.973631054,0.988739496,0.651969552,0.919007063,0.267037511,0.758178152,0.776193261,0.825341475,0.650420518,0.919721162,0.269300643,0.760197459,0.761130083,0.827049569
UGA,0,0.990717292,0.990717292,0.504457563,0.56636259,0.8022057,0,0.95121944,0.95121944,0.495403064,0.473233506,0.779746985,0,0.943156291,0.943156291,0.553285819,0.617228738,0.812868134
UZB,0,0.006233398,0.006233398,2.23772181e-07,0,0,0,0.58188957,0.58188957,0.014228813,0,0.052174853,0,0.544365586,0.544365586,0.012364051,0,0.042792249
IRL,0,0,0,0,0,0,0,0,0,0,0,0,0,0,0,0,0,0
ERI,0,0.861846805,0.861846805,0.00914821,0.007927162,0.012628382,0,0.950644076,0.950644076,0.548110029,0.582903504,0.812101007,0,0.940690109,0.940690109,0.603317151,0.632235625,0.841232748
ARG,0,0.990941525,0.990941525,0.028426471,0,0,0,0.933828592,0.933828592,0.129213765,0,0.480888575,0,0.934913605,0.934913605,0.150294115,0,0.625406971
COG,0,0.990692079,0.990692079,0.819453129,0.833296001,0.873229682,0.261854231,0.968374431,0.7065202,0.696791708,0.753717691,0.878133982,0.290128804,0.961350612,0.671221808,0.807652513,0.844422738,0.894942051
BHS,0,0.97249186,0.97249186,0.243747103,0.205866367,0.671722949,0.760992348,0.931986272,0.170993924,0.901566716,0.904300332,0.92171523,0.763507961,0.935788256,0.172280295,0.900797562,0.905721085,0.930397181
CHL,0,0,0,0,0,0,0,0.46560362,0.46560362,0.000883012,0,0,0,0.714476233,0.714476233,0.001043839,0,0
GIN,0,0.988492906,0.988492906,0.683960113,0.752623498,0.899177551,0,0.968426406,0.968426406,0.766896414,0.782185346,0.8503111,0,0.96032842,0.96032842,0.788241655,0.805567405,0.856246171
KNA,0,0.575668633,0.575668633,0.273674543,0.299879402,0.544596493,0,0.906420469,0.906420469,0.725347136,0.838815451,0.872467601,0,0.919890033,0.919890033,0.751363454,0.848705552,0.91870332
SLB,0,0.903469563,0.903469563,0.282301267,0.208779387,0.603843087,0,0.912426472,0.912426472,0.760670339,0.76909405,0.854608059,0,0.916526525,0.916526525,0.768679793,0.775850447,0.861349862
LCA,0.512685776,0.989102721,0.476416945,0.745193764,0.721496254,0.905816793,0.717496395,0.909134865,0.19163847,0.841122721,0.842513591,0.877175063,0.78606695,0.896568864,0.110501914,0.843711186,0.84042056,0.871401293
TKM,0,0,0,0,0,0,0,0.717060626,0.717060626,0.031692017,0,0.09960662,0,0.76002754,0.76002754,0.029865846,0,0.07993903
SVN,0,0,0,0,0,0,0,0,0,0,0,0,0,0.426603474,0.426603474,0.004242104,0,0
SLV,0,0.991006911,0.991006911,0.823712241,0.87308839,0.917417449,0,0.9040218,0.9040218,0.74060848,0.781490713,0.835412812,0.37871167,0.920595185,0.541883515,0.759713502,0.791229991,0.835877971
KWT,0,0,0,0,0,0,0,0.546993375,0.546993375,0.001758839,0,0,0,0.423407027,0.423407027,0.001394433,0,0
BRN,0.058631651,0.974486828,0.915855177,0.348268332,0.252856135,0.687695032,0.657174647,0.963884473,0.306709826,0.866201769,0.871607482,0.909669071,0.61677004,0.965639881,0.348869841,0.8554527,0.858034939,0.911688099
CPV,0,0.054602657,0.054602657,0.007721558,0.007311944,0.020274962,0,0.992059886,0.992059886,0.660579256,0.79552725,0.989629495,0,0.988642374,0.988642374,0.68869679,0.812457759,0.987483525
ITA,0,0.354207426,0.354207426,8.5641910599e-05,0,0,0,0.830394208,0.830394208,0.050969627,0,0.135882005,0,0.831370551,0.831370551,0.065495894,0.04379689,0.151743147
IRN,0,0.782103837,0.782103837,0.000310433,0,0,0,0.983999491,0.983999491,0.118785632,0,0.448675245,0,0.986878476,0.986878476,0.122906031,0,0.445994381
ARE,0,0.735798478,0.735798478,0.017124541,0.008449536,0.008665927,0,0.953772545,0.953772545,0.529209049,0.601951212,0.675396508,0,0.931249025,0.931249025,0.452843029,0.507322503,0.609903355
SMR,0,0,0,0,0,0,0,0.04017593,0.04017593,0.013391977,0,0.032140744,0.039670489,0.078849374,0.039178885,0.053304987,0.041395097,0.071358518
ZMB,0,0.969207585,0.969207585,0.27592034,0.196100712,0.660447919,0,0.886736631,0.886736631,0.436337563,0.407262236,0.712396169,0,0.909631959,0.909631959,0.522272052,0.457977916,0.7721929
LVA,0,0,0,0,0,0,0,0,0,0,0,0,0,0,0,0,0,0
SYR,0,0.70366621,0.70366621,0.000539264,0,0,0,0.952365339,0.952365339,0.106013124,0.068364777,0.285555905,0,0.837744002,0.837744002,0.105445718,0.068523454,0.270801911
LKA,0,0.987382829,0.987382829,0.72088429,0.82578963,0.899644256,0,0.942235649,0.942235649,0.848262236,0.899153948,0.925544608,0,0.939728829,0.939728829,0.845856738,0.895130641,0.921837294
CMR,0,0.991202354,0.991202354,0.670278548,0.807872891,0.875860691,0,0.946596444,0.946596444,0.67425924,0.706760526,0.843457103,0,0.950155248,0.950155248,0.749001263,0.762343598,0.860729354
CHN,0,0.992691815,0.992691815,0.027345708,0,0,0,0.965613604,0.965613604,0.122819649,0,0.657130539,0,0.944388176,0.944388176,0.122568533,0,0.664459791
YEM,0,0.832316697,0.832316697,0.006365692,0.008659784,0.010187731,0,0.980668187,0.980668187,0.208092863,0,0.711141193,0,0.983577728,0.983577728,0.220421687,0,0.846058893
ESH,0,0.011735054,0.011735054,0.002042044,0,0.008655102,0,0.426575065,0.426575065,3.0875438959e-05,0,0,0,0.44627259,0.44627259,3.2301142889e-05,0,0
GRD,0,0.915915608,0.915915608,0.625333289,0.688742161,0.905761755,0.860409021,0.91239506,0.051986039,0.897142963,0.902629316,0.909647715,0.883844442,0.90746179,0.023617348,0.895306215,0.893275053,0.903707391
DOM,0,0.991145074,0.991145074,0.598966766,0.70740658,0.848568821,0,0.975711763,0.975711763,0.704442534,0.813565254,0.888192737,0,0.960116558,0.960116558,0.702459451,0.812687326,0.883102572
CRI,0,0.99110204,0.99110204,0.441115424,0.437221661,0.884774995,0,0.933199167,0.933199167,0.647930218,0.763528049,0.844282031,0,0.924822884,0.924822884,0.655038426,0.759754661,0.840679334
IDN,0,0.991514206,0.991514206,0.549443631,0.595445037,0.877375448,0,0.972549081,0.972549081,0.764269203,0.850724459,0.901996589,0,0.966829277,0.966829277,0.776249791,0.84537326,0.900952204
LIE,0,0,0,0,0,0,0,0,0,0,0,0,0,0,0,0,0,0
FJI,0,0.85351485,0.85351485,0.413876486,0.430236861,0.699997902,0,0.923466623,0.923466623,0.81466632,0.84561348,0.873445344,0,0.910417974,0.910417974,0.800471059,0.834080996,0.877908572
MWI,0,0.982628226,0.982628226,0.189215307,0.151183471,0.557173997,0,0.900361598,0.900361598,0.422325557,0.395083338,0.750111675,0,0.930989311,0.930989311,0.466532918,0.426813914,0.790655447
XXX,0,0.825164914,0.825164914,0.007588609,0,0.01079518,0.044518676,0.786539912,0.742021237,0.193779361,0.124561731,0.381696957,0.060163736,0.795284191,0.735120455,0.215953912,0.133713035,0.42775153
PLW,0.047596704,0.140235662,0.092638958,0.084244664,0.08065667,0.132538909,0.823210776,0.859496713,0.036285937,0.850472948,0.856239259,0.858739281,0.791545808,0.822518703,0.030972895,0.807361425,0.806347483,0.818853074
CAN,0,0,0,0,0,0,0,0.061814021,0.061814021,2.054736918e-06,0,0,0,0.194240963,0.194240963,1.8374968175e-05,0,0
ETH,0,0.980722666,0.980722666,0.113479497,0.009670754,0.541119808,0,0.934253514,0.934253514,0.453995604,0.503079534,0.777562022,0,0.910623596,0.910623596,0.510677026,0.59328854,0.809028557
COM,0,0.908951521,0.908951521,0.481669579,0.651554346,0.890057933,0,0.879330695,0.879330695,0.797661746,0.852500886,0.870496541,0,0.89594265,0.89594265,0.784206416,0.816407008,0.863502473
 ,0.012805838,0.056504391,0.043698553,0.021784008,0.017860673,0.030508152,0,0.539827704,0.539827704,0.00116092,0,0,0,0.510058137,0.510058137,0.001096899,0,0
GTM,0,0.988429189,0.988429189,0.509350063,0.57377705,0.891585362,0,0.917964697,0.917964697,0.620478178,0.799573511,0.87982682,0,0.923826137,0.923826137,0.636399365,0.793301498,0.887605415
KGZ,0,0,0,0,0,0,0,0.579588771,0.579588771,0.00935617,0,0.049395934,0,0.578452136,0.578452136,0.010827866,0,0.044047821
SUR,0.19396314,0.990824163,0.796861023,0.756387963,0.756469011,0.899375707,0.323298305,0.962430716,0.63913241,0.766016389,0.784922421,0.892490178,0.402648126,0.955924751,0.553276625,0.80494993,0.836522964,0.904549934
POL,0,0,0,0,0,0,0,0,0,0,0,0,0,0,0,0,0,0
IND,0,0.990612388,0.990612388,0.199204271,0.058768936,0.677418542,0,0.976053536,0.976053536,0.737545169,0.808601916,0.865811533,0,0.954059698,0.954059698,0.715150348,0.776598181,0.845992015
SSD,0,0.96560663,0.96560663,0.211338947,0.068663009,0.580272943,0,0.859900653,0.859900653,0.620092365,0.624952018,0.704097223,0,0.84876559,0.84876559,0.570964313,0.570051475,0.685549513
BGR,0,0,0,0,0,0,0,0.161992088,0.161992088,0.014716458,0,0.049070176,0,0.271174177,0.271174177,0.023562308,0.029055745,0.052205102
BHR,0,0,0,0,0,0,0.87444824,0.976830542,0.102382302,0.913030905,0.902664572,0.946207833,0.745018529,0.945545771,0.200527243,0.875315473,0.882320329,0.939361114
SOM,0,0.857962966,0.857962966,0.027030469,0.008449536,0.038571618,0,0.958569169,0.958569169,0.491838537,0.517544866,0.818406928,0,0.956169621,0.956169621,0.528116646,0.53028585,0.836327157
BRB,0.260166556,0.989970684,0.729804128,0.762602717,0.812808096,0.8876993,0,0.8737849,0.8737849,0.74108335,0.828651339,0.869103467,0,0.882792901,0.882792901,0.765708917,0.860598756,0.874920099
SYC,0,0.627350986,0.627350986,0.395315727,0.466292128,0.609188187,0,0.873501301,0.873501301,0.610967055,0.660347164,0.759702468,0,0.896503297,0.896503297,0.589859978,0.630967187,0.747668152
SEN,0,0.958405375,0.958405375,0.073336778,0.01254122,0.287671956,0,0.950951874,0.950951874,0.603923496,0.617192715,0.789299417,0,0.92623986,0.92623986,0.626318149,0.632845179,0.771772462
GRC,0,0.259599805,0.259599805,0.000392615,0,0,0,0.916614652,0.916614652,0.132175021,0.077356927,0.311722457,0,0.920733482,0.920733482,0.146841211,0.081117207,0.375479651
NGA,0,0.990931749,0.990931749,0.362085162,0.324105501,0.830804753,0,0.967012286,0.967012286,0.798055724,0.817797035,0.872832692,0.22918739,0.966258026,0.737070636,0.795661272,0.807867351,0.864193412
AUS,0,0.990940273,0.990940273,0.023615141,0,0.015429267,0,0.942624092,0.942624092,0.243474946,0.145391814,0.653821111,0,0.926408286,0.926408286,0.263420696,0.174755367,0.664452412
XXY,0,0,0,0,0,0,0,0,0,0,0,0,0,0,0,0,0,0
GMB,0,0.937415004,0.937415004,0.059533892,0.029737523,0.155657586,0.602383673,0.941548645,0.339164972,0.723086644,0.725107402,0.832681382,0.555243882,0.915080156,0.359836274,0.719849195,0.712847598,0.815210568
TLS,0,0.973879814,0.973879814,0.679044017,0.822882742,0.901880741,0,0.956046283,0.956046283,0.798244486,0.865886867,0.900250769,0,0.926196974,0.926196974,0.790218525,0.847786217,0.893196976
HND,0,0.990758479,0.990758479,0.584912971,0.686347008,0.858317834,0,0.95204705,0.95204705,0.66696795,0.72423777,0.879408818,0,0.937551365,0.937551365,0.679769736,0.737557133,0.891373367
BWA,0,0.674336731,0.674336731,0.00813527,0,0.01861166,0,0.76122576,0.76122576,0.259120771,0.18913421,0.530660319,0,0.801448641,0.801448641,0.45383407,0.488326466,0.665940758
BFA,0.006228659,0.971972525,0.965743866,0.063836868,0.013875586,0.196947289,0.208938405,0.949797988,0.740859583,0.63250987,0.663337469,0.782854724,0.308272551,0.955803891,0.64753134,0.644843361,0.655425988,0.756317346
UKR,0,0,0,0,0,0,0,0.194172889,0.194172889,0.004271928,0,0,0,0.208866176,0.208866176,0.012849499,0,0.049625463
SAU,0,0.720357418,0.720357418,0.002967646,0,0.007797714,0,0.932826638,0.932826638,0.042467261,0,0,0,0.951669458,0.951669458,0.076580644,0,0.428675008
CAF,0.016225273,0.984834135,0.968608862,0.618127046,0.61918062,0.835747123,0.244388953,0.935654581,0.691265628,0.66294686,0.684579015,0.769972467,0.402402279,0.900022007,0.497619728,0.73139049,0.732540652,0.829763093
BRA,0,0.991473913,0.991473913,0.563936189,0.650798053,0.866822362,0,0.977503955,0.977503955,0.683255815,0.728264332,0.867388391,0,0.979900165,0.979900165,0.724476439,0.767862262,0.87426875
HTI,0,0.990849733,0.990849733,0.693915086,0.802686512,0.889413655,0,0.971317947,0.971317947,0.760935219,0.804012388,0.877971703,0,0.960843013,0.960843013,0.753428539,0.793343133,0.868471239
DEU,0,0,0,0,0,0,0,0,0,0,0,0,0,0,0,0,0,0
CIV,0,0.990987837,0.990987837,0.597614519,0.617723703,0.783582771,0,0.975183368,0.975183368,0.837100127,0.845774442,0.895207012,0.562633811,0.970111489,0.407477678,0.850775483,0.857430352,0.901819244
VEN,0,0.990626812,0.990626812,0.557744951,0.563503325,0.840425539,0,0.969880223,0.969880223,0.739835093,0.817851603,0.890515327,0,0.968801231,0.968801231,0.751350269,0.801714211,0.89124705
BTN,0,0.922169328,0.922169328,0.047524398,0,0.20914816,0,0.87286675,0.87286675,0.108404776,0,0.740149766,0,0.868006059,0.868006059,0.132207831,0,0.732245286
SLE,0,0.986702383,0.986702383,0.716182873,0.750284016,0.889828497,0,0.942681313,0.942681313,0.832514397,0.837170303,0.878988761,0,0.945869365,0.945869365,0.827731709,0.833518774,0.871921667
TON,0,0.729850054,0.729850054,0.526801839,0.580027461,0.691410899,0.785482526,0.884657502,0.099174976,0.828178901,0.82541284,0.864214271,0.699255294,0.909028832,0.209773538,0.788970953,0.765260927,0.896196775
DMA,0,0.889500737,0.889500737,0.505857701,0.551563203,0.704068398,0.550079823,0.889388561,0.339308739,0.76743681,0.79239887,0.842713177,0.530146596,0.873993345,0.343846749,0.746937823,0.768506108,0.845531862
MNE,0,0,0,0,0,0,0,0.845789731,0.845789731,0.066429117,0,0.392802954,0,0.842466179,0.842466179,0.075141362,0,0.373054616
VNM,0,0.99100399,0.99100399,0.441783015,0.552101731,0.88670519,0,0.966719627,0.966719627,0.767942211,0.843443871,0.901180482,0,0.957359678,0.957359678,0.757966263,0.82711971,0.892329813
HRV,0,0,0,0,0,0,0,0.453312188,0.453312188,0.014811615,0,0.057479635,0,0.564288548,0.564288548,0.037185027,0,0.098446421
BIH,0,0,0,0,0,0,0,0.879987061,0.879987061,0.008537757,0,0,0,0.865289405,0.865289405,0.020067376,0,0.07399525
JOR,0,0.755841553,0.755841553,0.00091284,0,0,0,0.727246702,0.727246702,0.025442795,0,0.106482022,0,0.630570132,0.630570132,0.022154673,0,0.080753385
QAT,0,0,0,0,0,0,0,0.968307018,0.968307018,0.495581277,0.658119768,0.875776321,0,0.950750047,0.950750047,0.484239059,0.64908844,0.872886295
VCT,0.525363028,0.899197578,0.37383455,0.731905814,0.712169379,0.885334641,0.735293448,0.870249271,0.134955823,0.812944744,0.817950904,0.862723917,0.796415421,0.898762832,0.102347411,0.839761852,0.836641378,0.875633571
SWZ,0,0.495174259,0.495174259,0.072313267,0,0.252017409,0,0.490330786,0.490330786,0.213828308,0.257597089,0.417469874,0,0.769783793,0.769783793,0.232676863,0.275618063,0.430627572
PAK,0,0.965055048,0.965055048,0.008521458,0,0.007889508,0,0.969978571,0.969978571,0.374215775,0.436247051,0.784627545,0,0.9549662,0.9549662,0.374568713,0.446367061,0.760142265
ZAF,0,0.984570682,0.984570682,0.005181841,0,0,0,0.865403175,0.865403175,0.060924958,0,0.217960867,0,0.838804544,0.838804544,0.087922369,0,0.306175472
PRK,0,0,0,0,0,0,0,0.534816206,0.534816206,0.012849839,0,0,0,0.727823789,0.727823789,0.025636196,0,0.111723401
MDV,0,0,0,0,0,0,0,0,0,0,0,0,0,0,0,0,0,0
LBN,0,0.839802682,0.839802682,0.003224209,0,0,0,0.879833877,0.879833877,0.210193063,0.096909635,0.633130789,0,0.852919642,0.852919642,0.203494698,0.113245498,0.532872152
AND,0,0,0,0,0,0,0,0,0,0,0,0,0,0,0,0,0,0
MKD,0,0,0,0,0,0,0,0.487000912,0.487000912,0.014850918,0,0.045391385,0,0.412126681,0.412126681,0.021523575,0.02586429,0.046036949
PER,0,0.990284145,0.990284145,0.331330702,0.359225586,0.765194517,0,0.975446761,0.975446761,0.477119959,0.709914178,0.872052032,0,0.968923881,0.968923881,0.498444585,0.756841939,0.881360681
BEN,0,0.982803702,0.982803702,0.419596995,0.453919575,0.714123261,0.301940262,0.96448344,0.662543178,0.795008937,0.817426741,0.886825228,0.41868385,0.968931608,0.550247758,0.795124701,0.821638739,0.885506468
PRY,0,0.990861952,0.990861952,0.449387355,0.362464935,0.837709165,0.154735222,0.960457742,0.80572252,0.651182003,0.665561378,0.760459423,0.283268703,0.957547947,0.674279245,0.703613922,0.728773884,0.826984316
ISL,0,0,0,0,0,0,0,0,0,0,0,0,0,0,0,0,0,0
NAM,0,0.614970624,0.614970624,0.005716302,0,0.011604202,0,0.863496423,0.863496423,0.144910907,0.092390485,0.391664147,0,0.896226863,0.896226863,0.225462244,0.148891484,0.58719396
MDA,0,0,0,0,0,0,0,0.050185729,0.050185729,0.000481736,0,0,0,0.121348913,0.121348913,0.004569491,0,0.030351611
NRU,0.399921179,0.399921179,0,0.399921179,0.399921179,0.399921179,0,0,0,0,0,0,0,0,0,0,0,0
THA,0,0.991102755,0.991102755,0.593852709,0.617294431,0.815804487,0,0.976573706,0.976573706,0.806464692,0.834570795,0.87849592,0,0.975357673,0.975357673,0.812202007,0.83264614,0.875972884
NPL,0,0.987008512,0.987008512,0.152736033,0,0.769165486,0,0.951354682,0.951354682,0.340511284,0.23654826,0.827382386,0,0.935371201,0.935371201,0.351598807,0.362000867,0.822424978
ASM,0,0.145789772,0.145789772,0.075035712,0.086221047,0.145508015,0,0.882433772,0.882433772,0.448895887,0.576031595,0.868596214,0,0.897844825,0.897844825,0.460486741,0.606129412,0.891159285
LSO,0,0,0,0,0,0,0,0.122036539,0.122036539,0.000147048,0,0,0,0.4997561,0.4997561,0.010027578,0,0
TJK,0,0.684092522,0.684092522,0.00031658,0,0,0,0.78017658,0.78017658,0.029241951,0,0.117768757,0,0.739182949,0.739182949,0.03039897,0,0.112877309
BDI,0,0.976103008,0.976103008,0.512246004,0.706150919,0.824265289,0,0.809596539,0.809596539,0.159214077,0,0.496340534,0,0.854473268,0.854473268,0.241564429,0.215482006,0.58957675
PHL,0,0.991095603,0.991095603,0.620787344,0.696807981,0.895097053,0,0.971119881,0.971119881,0.82153955,0.864473224,0.901669979,0,0.960907536,0.960907536,0.814615149,0.852950703,0.895897881
MDG,0,0.966934919,0.966934919,0.218687217,0.065680254,0.75450083,0,0.959289014,0.959289014,0.582449268,0.67262733,0.835829687,0,0.975227723,0.975227723,0.657257077,0.747863096,0.853564551
AZE,0,0,0,0,0,0,0,0.743633449,0.743633449,0.058489865,0.045682993,0.114322609,0,0.8586661,0.8586661,0.071293282,0.057653457,0.122034804
MRT,0,0.689890742,0.689890742,0.005980142,0.006260419,0.006600566,0,0.909262121,0.909262121,0.186456491,0.155339077,0.46525436,0,0.886254747,0.886254747,0.230940797,0.186179183,0.586225268
HUN,0,0,0,0,0,0,0,0,0,0,0,0,0,0.142745491,0.142745491,0.016002706,0,0.039719029
DJI,0,0.5789662,0.5789662,0.010044404,0.009478981,0.010305676,0.39837265,0.961331367,0.562958717,0.805479964,0.830127925,0.93325935,0.388273107,0.940885165,0.552612058,0.79490683,0.823967878,0.90995644
VUT,0,0.867387295,0.867387295,0.362222017,0.433174908,0.600529563,0,0.896211267,0.896211267,0.800506259,0.84666121,0.877232301,0,0.908685626,0.908685626,0.790710982,0.824297972,0.872161908
KHM,0,0.983592033,0.983592033,0.688781712,0.793787777,0.903217661,0.346568435,0.960987628,0.614419192,0.819917184,0.85568428,0.91321727,0.307736168,0.962492327,0.654756159,0.846691263,0.862611587,0.907706638
GEO,0,0,0,0,0,0,0,0.934901536,0.934901536,0.064265824,0,0.158194652,0,0.957485475,0.957485475,0.087104354,0,0.414887566
MMR,0,0.988373935,0.988373935,0.37423658,0.397830844,0.829380691,0,0.971351445,0.971351445,0.625931063,0.742813647,0.841937721,0,0.964294488,0.964294488,0.668587098,0.766421248,0.846882929
MUS,0,0.988057435,0.988057435,0.606088356,0.829995215,0.912127936,0.64626956,0.900328159,0.254058599,0.777188269,0.777897835,0.835488522,0.676422448,0.896804389,0.220381941,0.774355683,0.781920863,0.837137778
AFG,0,0.021975849,0.021975849,4.817658783e-06,0,0,0,0.893674672,0.893674672,0.033935956,0,0.122898464,0,0.89908832,0.89908832,0.041422119,0,0.13894077
STP,0,0.891357243,0.891357243,0.175711389,0,0.737090445,0,0.843675494,0.843675494,0.73842002,0.805623055,0.832280171,0,0.907842236,0.907842236,0.794910276,0.848066073,0.882003
COL,0,0.991440058,0.991440058,0.539001247,0.584245294,0.855314696,0,0.969397128,0.969397128,0.689505917,0.805211365,0.869114625,0,0.969434818,0.969434818,0.707090744,0.821205299,0.879485114
CZE,0,0,0,0,0,0,0,0,0,0,0,0,0,0,0,0,0,0
JPN,0,0.990907431,0.990907431,0.006756674,0,0,0,0.944637954,0.944637954,0.208987719,0,0.622421175,0,0.957415486,0.957415486,0.251521703,0,0.674733992
LAO,0,0.991209626,0.991209626,0.419175938,0.486128047,0.880908847,0,0.963441491,0.963441491,0.672154577,0.713544905,0.843598861,0,0.97168392,0.97168392,0.695456776,0.72929132,0.846952202
TUN,0,0.160868213,0.160868213,0.000137218,0,0,0,0.752896249,0.752896249,0.067065291,0,0.238273233,0,0.805558653,0.805558653,0.068590864,0,0.227108544
GUY,0.034138098,0.990327954,0.956189856,0.702219558,0.729845047,0.890471876,0,0.964066863,0.964066863,0.788691725,0.834481657,0.883126974,0,0.963445853,0.963445853,0.811203511,0.848560815,0.892251509
GAB,0,0.991060674,0.991060674,0.851570831,0.861065149,0.906822097,0.327804178,0.946914136,0.619109958,0.791968756,0.819600999,0.880532002,0.570558422,0.954197022,0.3836386,0.84396462,0.856493048,0.898803979
MNG,0,0,0,0,0,0,0,0.232604593,0.232604593,0.001053439,0,0,0,0.220768817,0.220768817,0.002335231,0,0
ESP,0,0.713449299,0.713449299,0.000114921,0,0,0,0.795532823,0.795532823,0.027817817,0,0.102972806,0,0.750728918,0.750728918,0.032192653,0,0.10436947
CYP,0,0.625121474,0.625121474,0.001707283,0,0,0,0.787859201,0.787859201,0.185689385,0.170261465,0.308987468,0,0.742810866,0.742810866,0.162059743,0.148527265,0.270607877
XXZ,0,0.985387444,0.985387444,0.010620894,0,0,0,0.882358193,0.882358193,0.045270995,0,0.052604293,0,0.8753183,0.8753183,0.049158897,0,0.067563691
COD,0,0.990992308,0.990992308,0.752792425,0.814359426,0.901600116,0,0.97238332,0.97238332,0.609997468,0.642331243,0.817023051,0,0.970457162,0.970457162,0.752186365,0.811939385,0.886205534
GNB,0,0.98070085,0.98070085,0.658773304,0.655754447,0.892027318,0,0.92749542,0.92749542,0.797853158,0.810322404,0.84772855,0,0.889692118,0.889692118,0.819531956,0.819923306,0.858896306
PNG,0,0.989893854,0.989893854,0.42174807,0.416106597,0.852174073,0,0.959674418,0.959674418,0.661733768,0.773721695,0.886982632,0,0.966180455,0.966180455,0.687666545,0.788461196,0.89796118
BOL,0,0.991257548,0.991257548,0.314520563,0.235909775,0.780330813,0,0.964810252,0.964810252,0.489655892,0.668352783,0.816504896,0,0.961523468,0.961523468,0.538707456,0.733786166,0.847752313
CUB,0,0.990247488,0.990247488,0.695099818,0.778470516,0.849474728,0,0.951594591,0.951594591,0.828116583,0.835925221,0.891159624,0,0.947988673,0.947988673,0.830725337,0.833671183,0.894402834
IRQ,0,0.841045499,0.841045499,0.000796681,0,0,0,0.930479765,0.930479765,0.159569011,0,0.437904489,0,0.899336329,0.899336329,0.152727729,0,0.418738934
MYS,0,0.991058111,0.991058111,0.509083648,0.562848449,0.844981551,0,0.971205652,0.971205652,0.764508482,0.841466486,0.897541595,0,0.970665412,0.970665412,0.798724384,0.824537127,0.89326253
SWE,0,0,0,0,0,0,0,0,0,0,0,0,0,0,0,0,0,0
GHA,0,0.989990115,0.989990115,0.505568538,0.527953744,0.810358262,0,0.972571254,0.972571254,0.796418036,0.820022404,0.89178561,0.314249429,0.960974896,0.646725467,0.790408577,0.822326749,0.894195228
AGO,0,0.982738137,0.982738137,0.35369063,0.408760756,0.690999353,0,0.974577665,0.974577665,0.391714088,0.361889333,0.742126518,0,0.971215792,0.971215792,0.536521702,0.538455113,0.818669026
TCD,0,0.774071395,0.774071395,0.028530865,0.006233398,0.044369525,0,0.876394749,0.876394749,0.330802324,0.30421713,0.722704518,0,0.866765267,0.866765267,0.378203436,0.449721351,0.743656955
TTO,0,0.991108358,0.991108358,0.673543499,0.670918524,0.980452645,0.614351094,0.933328331,0.318977237,0.86431227,0.867437482,0.904691935,0.784050758,0.948161035,0.164110277,0.883225862,0.8854474,0.919348598
SVK,0,0,0,0,0,0,0,0,0,0,0,0,0,0,0,0,0,0
MLI,0,0.911412537,0.911412537,0.03003839,0.006578984,0.039132365,0,0.958155155,0.958155155,0.336695646,0.327374533,0.739381933,0,0.919178488,0.919178488,0.38082026,0.407610575,0.750939561
ARM,0,0,0,0,0,0,0,0.385590822,0.385590822,0.008251035,0,0.040085237,0,0.474214297,0.474214297,0.011170718,0,0.040896561
ALB,0,0,0,0,0,0,0,0.910184026,0.910184026,0.062626715,0,0.18351759,0,0.91157987,0.91157987,0.074753795,0,0.213898097
